UserID,Name,DateOfBirth,Gender,BloodType,ContactInfo,Password
P1001,Bob Stone,1975-11-22,MALE,B+,bob.stone@example.com,DjvmKQQXDO7YeHo3R7qaYtmMyT0E+/T8+CUxsYsHabc=
P1002,Charlie White,1990-07-08,MALE,O-,charlie.white@example.com,DjvmKQQXDO7YeHo3R7qaYtmMyT0E+/T8+CUxsYsHabc=
P1003,Alice Brown,1985-03-15,FEMALE,A+,alice.brown@example.com,DjvmKQQXDO7YeHo3R7qaYtmMyT0E+/T8+CUxsYsHabc=
P1004,Emily Davis,1978-01-12,FEMALE,AB-,emily.davis@example.com,DjvmKQQXDO7YeHo3R7qaYtmMyT0E+/T8+CUxsYsHabc=
P1005,John Wilson,1992-06-10,MALE,O+,john.wilson@example.com,DjvmKQQXDO7YeHo3R7qaYtmMyT0E+/T8+CUxsYsHabc=
P1006,Sophia Johnson,1999-12-05,FEMALE,A-,sophia.johnson@example.com,DjvmKQQXDO7YeHo3R7qaYtmMyT0E+/T8+CUxsYsHabc=
P1007,Michael Smith,1983-09-20,MALE,B-,michael.smith@example.com,DjvmKQQXDO7YeHo3R7qaYtmMyT0E+/T8+CUxsYsHabc=
P1008,Olivia Miller,1995-04-18,FEMALE,O+,olivia.miller@example.com,DjvmKQQXDO7YeHo3R7qaYtmMyT0E+/T8+CUxsYsHabc=
P1009,David Garcia,1980-02-14,MALE,AB+,david.garcia@example.com,DjvmKQQXDO7YeHo3R7qaYtmMyT0E+/T8+CUxsYsHabc=
P1010,Liam Martinez,1988-08-22,MALE,A+,liam.martinez@example.com,DjvmKQQXDO7YeHo3R7qaYtmMyT0E+/T8+CUxsYsHabc=
P1011,Mia Lopez,1991-05-11,FEMALE,B-,mia.lopez@example.com,DjvmKQQXDO7YeHo3R7qaYtmMyT0E+/T8+CUxsYsHabc=
P1012,Ethan Hernandez,1976-11-05,MALE,O-,ethan.hernandez@example.com,DjvmKQQXDO7YeHo3R7qaYtmMyT0E+/T8+CUxsYsHabc=
P1013,Isabella Clark,1982-03-09,FEMALE,A-,isabella.clark@example.com,DjvmKQQXDO7YeHo3R7qaYtmMyT0E+/T8+CUxsYsHabc=
P1014,Noah Rodriguez,1997-07-23,MALE,AB-,noah.rodriguez@example.com,DjvmKQQXDO7YeHo3R7qaYtmMyT0E+/T8+CUxsYsHabc=
P1015,Ava Lewis,1989-10-30,FEMALE,B+,ava.lewis@example.com,DjvmKQQXDO7YeHo3R7qaYtmMyT0E+/T8+CUxsYsHabc=
P1016,James Walker,1993-02-17,MALE,O+,james.walker@example.com,DjvmKQQXDO7YeHo3R7qaYtmMyT0E+/T8+CUxsYsHabc=
P1017,Amelia Hall,1987-12-12,FEMALE,A+,amelia.hall@example.com,DjvmKQQXDO7YeHo3R7qaYtmMyT0E+/T8+CUxsYsHabc=
P1018,Lucas Young,1984-06-25,MALE,B-,lucas.young@example.com,DjvmKQQXDO7YeHo3R7qaYtmMyT0E+/T8+CUxsYsHabc=
P1019,Sophia Adams,1996-01-29,FEMALE,O+,sophia.adams@example.com,DjvmKQQXDO7YeHo3R7qaYtmMyT0E+/T8+CUxsYsHabc=
P1020,Alexander Green,1979-04-02,MALE,AB+,alexander.green@example.com,DjvmKQQXDO7YeHo3R7qaYtmMyT0E+/T8+CUxsYsHabc=
P1021,Charlotte Baker,1998-09-14,FEMALE,A-,charlotte.baker@example.com,DjvmKQQXDO7YeHo3R7qaYtmMyT0E+/T8+CUxsYsHabc=
